CompanyID,DebtRatio,ProfitMargin,CurrentRatio,RetainedEarnings,Defaulted
1,0.6757148011575861,0.07315329481267116,1.111762844201516,-0.39807400151436456,1
2,0.6216089884640947,0.20317709453322555,2.4799433739622683,0.39838117000089157,0
3,0.7275647662923871,-0.06575059607231566,2.068611215646908,0.3601052436712562,0
4,0.28753986076022764,-0.04538909982083106,1.138946072742975,0.36420747493389494,0
5,0.6214269513158789,0.1691888159882652,2.0295868311444307,0.16381753206749317,0
6,0.6127120549825893,0.2985718951972648,1.8259110426986722,0.05153596126171356,0
7,0.8658494168038152,0.23018176682790167,2.103909941636384,0.3569184069119785,0
8,0.36231603498492715,-0.0901699361701756,2.44891192694419,0.5312797935253832,0
9,0.4717675373768577,0.2221567179650932,2.2156737219474545,0.20240263770878886,0
10,0.19017083998391426,-0.055109161831258385,1.0459383153538229,-0.09520162949855077,1
11,0.8945440032551345,-0.008957472701832364,1.1656232503878257,-0.17317572313731883,1
12,0.21113684523931547,0.2153264972645619,1.8564592947545406,0.20170243917184638,0
13,0.7918119084209669,-0.03458457087475604,2.0497368973558054,0.4383023440505045,1
14,0.5286609953232747,-0.07252210211180384,1.7353290494731697,0.5210556879032511,1
15,0.1283085479359457,0.21342327147737464,2.052160885092347,0.1645898861282763,0
16,0.4667270103392964,-0.06702498938431956,1.2915106939309091,0.11667848391416025,0
17,0.3058158500749476,0.13544878147413258,1.6023893423765327,-0.4212375080214495,0
18,0.2666303432151029,0.17688662305796107,2.3758375824836246,0.2635026561359385,0
19,0.8067823361361097,0.038494152382842456,1.5413281136139092,0.3937205377948144,1
20,0.8744939144077628,0.1069899199935172,2.1680483822294256,0.68628006779233,0
21,0.7730486360089742,0.08458712662739928,2.2181203942374315,0.7616391711611901,0
22,0.6345033976590071,0.017754308788462,1.5415005486221236,-0.4516600937554058,1
23,0.6905939925331075,0.2714788601671093,0.9521546294724366,0.2557706873690181,0
24,0.3517252342358208,0.006266288733016531,0.8036854126719188,0.4221260098362891,1
25,0.2781870755894946,0.24167038783667807,1.1853752889550548,0.47154824527162764,0
26,0.2811751586990725,0.2957051751358315,2.176738233666083,0.7870992645939276,0
27,0.22152501893095,0.04663820732999929,1.3359925125636345,-0.374144789388574,1
28,0.21485221000778854,0.15424446631814712,1.699021059343037,-0.08901556021552287,0
29,0.8912694884876168,0.13339534469970446,0.881923456520394,-0.29977629691313357,1
30,0.417650427634359,0.09624796913040937,1.8946008375015888,-0.10918303013267605,0
31,0.7518469833827262,0.24770727263818024,1.8970025384184348,0.14790457655260203,0
32,0.8723866618949819,-0.016329821092300814,1.120226056170264,0.22411639441922615,1
33,0.19703165895213293,0.154035934405556,2.3922077789140292,0.2893937253590376,0
34,0.16026850868216969,-0.028671012011889957,1.02975115195263,0.038318602435010285,0
35,0.6068934156397938,-0.06170015372425289,1.3203202209824216,-0.3475280535605616,1
36,0.41178118388372364,0.08485990551563818,1.542451602374558,0.3986230636071867,0
37,0.527138439141606,-0.0492182770410877,1.3790300276487475,-0.20452700439522986,0
38,0.7329506673150814,0.05644616568303182,0.9261703092482978,0.23029178334561629,1
39,0.8688980267735646,-0.09222236164807547,1.8977019674027151,0.583245999044038,1
40,0.5497888187179923,0.1348495377380119,2.4506256351784206,-0.11939326043639681,0
41,0.4722328072519114,0.17102867356712545,1.7723279557153762,-0.09794147500643274,0
42,0.22517713289795013,-0.032254542407302675,2.0014188891565468,0.19941370954835602,0
43,0.2425532364777385,-0.07360987545773773,1.286808678428138,0.5398850878197616,0
44,0.5455932388725158,0.02691503974429224,1.3588124811776505,-0.12500801102469405,1
45,0.32379536806592824,-0.0619011157262642,0.8940995786481185,0.6185505358880075,1
46,0.48862659234199235,0.047514288628790785,2.0535118867493396,0.15575832370610632,0
47,0.16238673273976767,0.2082853004758551,0.897139962119172,0.06100735925409273,0
48,0.8982241617052764,-0.027024586143855972,0.944723008499017,-0.046702176028591724,1
49,0.7216868952419847,0.27941233790169706,0.5999637109353442,0.2077239382417717,1
50,0.24389499513770316,0.03920628618269548,1.1599005861349987,0.2045587010825869,0
51,0.27854390995152756,0.11405028718445465,1.7170387506497313,0.3601171870048051,0
52,0.8295007343008803,0.24468521081461556,0.8752874138831064,-0.268561352517908,1
53,0.6668304196101005,0.2730076308067412,2.4103869597062695,-0.14408192305895917,0
54,0.7639504597307627,-0.04257131780931407,1.7827544650059504,0.4084114327241545,1
55,0.7156279675984097,0.06042891068865405,2.191858498090978,0.4506565603782867,0
56,0.23309483492629246,0.02333314525992898,1.2297318570998705,0.7295658892384658,0
57,0.6875544084828406,0.2341872149926916,1.619494556438947,-0.46776459824540445,0
58,0.2807952340985851,0.15395222994998367,1.9415217572364736,0.7670271157773532,0
59,0.5241445338607871,0.29301217275307756,1.7770216302193338,-0.24956183150307226,1
60,0.5095828129695543,-0.024721824836596434,1.153569105007403,-0.1575175366368316,1
61,0.23455627014495725,0.23481838233830263,0.6210002467546583,0.7386791201043639,0
62,0.14048929405424326,0.24031426208274556,0.8523969177116355,0.6744260979165646,0
63,0.877840078898787,0.03600991468479381,1.5096691409848655,0.44441031916891216,1
64,0.5642241427709348,0.2660253060305131,1.758571906674837,-0.32119023906732946,0
65,0.7922930305626094,-0.0514241186772578,1.2721736958390755,-0.009358426258631813,1
66,0.45694920496822133,0.28002220282389567,2.1428332717049168,-0.4472267451152698,0
67,0.47530114496959985,0.15911046368062867,0.8214175530181265,0.3802516965903249,0
68,0.6127492293541958,0.1905689055460719,0.5223814099470849,0.2782360834350497,0
69,0.1969998605145097,0.02973563953891828,0.9104290236462185,0.6772200008052411,0
70,0.6416850301040686,0.21045563052169133,2.020490392100718,-0.2722451783673223,0
71,0.32213730182384837,0.14297980301299273,0.8897437111426718,0.5941037481690485,0
72,0.8770805321286532,0.08668683151938633,2.050608545551708,0.2680757703039751,1
73,0.8789644275923765,-0.07641750633028206,2.1066828367790706,-0.3992044074373906,1
74,0.3527881146894417,0.035951538053967586,0.6422211079618594,-0.13453170663469544,1
75,0.7250185628403878,-0.0842700930932955,0.8141305275786219,0.6955833644567984,1
76,0.1360204402494196,-0.04908291837140055,0.6936357408042055,0.6122584502411821,0
77,0.16097918312786508,0.11955394943002126,0.6849227374153997,0.217314921056453,0
78,0.7932884519488649,-0.012964793429841096,0.6111828576313436,0.21836064117941933,1
79,0.6105928536380903,0.013254733951918313,0.5038380217479421,-0.4092903360950274,1
80,0.37903938943354476,0.11988615832337915,0.5707096320161891,-0.43441786664564214,0
81,0.5749184048378234,0.2590527084825368,1.31234053172158,0.3867773963146376,0
82,0.2552463297527773,0.07664688077380202,0.7663545352351349,-0.31248619725992766,1
83,0.5672542754161986,0.08958603105079832,0.8484859731934984,0.17691707240167998,1
84,0.64611454796234,0.1153216268325295,2.086733576071109,0.5053164088288395,1
85,0.5058908514918422,0.010121400444952716,1.9351384136096994,0.7732797093530925,0
86,0.8183532842755675,-0.06188703431978167,1.3591608504934345,0.4426467427863443,1
87,0.6531811652305216,0.09209277049843942,2.2383172048322155,-0.10863748707007342,1
88,0.7264320724163468,0.08673398789268011,2.21141365747759,-0.25390429630515765,0
89,0.5652498987163367,0.13437051147792026,2.145642697120895,-0.43051822671736284,0
90,0.10862885950020412,0.2825022710151177,0.6729196829031945,0.7706737190916826,0
91,0.24644494140431822,0.2801866528639846,2.1153943592718525,0.16192923973093365,0
92,0.502940594185907,-0.008367834456214182,1.8551896193282766,-0.49567370717531906,1
93,0.6185761509173673,0.2632469301097343,2.0125427520972514,0.29206314356681673,0
94,0.5862015808454383,0.09859631493997029,1.031614771721256,0.5375589691861784,0
95,0.8307396075173291,0.06272524628813,1.6521323041090397,0.06730665905382194,1
96,0.849888640547328,0.29551442084844415,1.5027567842323086,-0.36451258473831927,1
97,0.5232914559205634,-0.03436870371546866,2.403154846298583,0.5998587231929211,1
98,0.7123422325216305,-0.07439995482678113,0.9311903341975529,0.034882308054771105,1
99,0.4174271731919118,0.26123049874763826,0.6814754132124665,0.10715488096010262,0
100,0.3968417763383143,0.12190266894320448,1.252551574550381,-0.25675318273708553,0
101,0.6165053266563754,0.049967809941260766,1.7836603214053164,0.5247232766388754,0
102,0.3265069225582876,0.005232313563083582,0.5411199216731541,-0.3238751611372335,1
103,0.32741848124218254,0.22653108575875688,1.0152232279350148,0.5746644742202984,0
104,0.4518517583901992,0.014820737621260613,1.7962680795111334,-0.04512367707977988,0
105,0.18090659480432106,0.2518184543476557,1.9711390659179546,0.578464460438302,0
106,0.6148776956087826,0.24424403262840436,1.2347291830759388,0.15370600516115773,0
107,0.6730439940149027,-0.05531464047030324,2.2253179404469545,0.3529374853189088,0
108,0.20100205355878514,0.21108525741849923,2.469513886731339,0.2289968604336191,0
109,0.5510844112016435,0.16939448903998386,2.406011162186264,-0.3435578064417282,0
110,0.5441723277145023,-0.05866736005046125,1.7914220777616525,-0.11433614613073667,1
111,0.33902099109826045,0.07368078188842589,0.6812908298834044,-0.07465659920200057,0
112,0.8254322238832065,0.25267134356841736,1.1181231576786483,-0.12406314626531273,1
113,0.8710885362732752,0.22479702116883535,0.9536178445590742,-0.3312530237324389,1
114,0.4470504708014199,-0.04908531149251308,0.5690210906546846,-0.3173834005794928,1
115,0.26422465876615037,0.21112553982646395,2.488736998657191,-0.006969309457278305,0
116,0.40819289714784757,0.19711825272750597,0.8955839794824938,-0.4575093518663845,1
117,0.5442162484180851,-0.01409921642007439,0.7983835996492137,0.014038204500713358,1
118,0.18323910362771825,0.1106979324849185,0.5043044587960044,0.4104066902610477,0
119,0.4891434758174149,0.12745627262220946,2.291431357323071,-0.1616936909271579,0
120,0.20831478474737555,0.11818481401929468,0.6241429024281522,0.5451106494910378,0
121,0.17834042598074237,0.12225527747806902,2.267622098267938,-0.1215162725494347,0
122,0.7063860198842561,-0.09961214481157553,1.1703677003956425,-0.49485165585777713,1
123,0.6091563279757974,-0.007304559681893696,1.7360768682090484,-0.03323749771461326,1
124,0.29518789958437397,-0.07039525406346887,1.585722964964103,0.797385796109219,0
125,0.7078181959870345,-0.004235045392918968,1.156102177258783,0.722445997230472,1
126,0.22249746150417835,0.18677748064610708,1.2022954505088002,0.022409115880403507,0
127,0.8527717143735369,0.09768125200634822,0.9888704192174111,0.0322779477968026,1
128,0.5207998779945187,-0.010990687408180835,1.6204608018280569,-0.012090986406076087,0
129,0.8242262609421668,0.01930781869565315,1.0316904412331593,0.15531672763731186,1
130,0.26313493884170724,-0.05231771442896469,0.5280265739143364,0.5389469354026923,1
131,0.21668706987611872,0.28180315614287,0.9639764919895377,0.24610269294483134,0
132,0.11318298828307168,-0.041297904843281955,2.0979587396563217,0.5835781988421929,0
133,0.27030979417179346,0.1770034539454998,1.9056280145083209,-0.2159185527203858,0
134,0.8096189430303931,0.17686009629020297,1.3813944771787332,-0.22727863507487206,1
135,0.6217901239059005,0.1541383466197002,2.2541759578729135,0.20975027756739617,0
136,0.7540012097753968,-0.04496189847694372,1.4327146763230392,-0.40649110795626453,1
137,0.8122465092493594,-0.03447432256550016,2.101788770931589,0.4745025612828666,0
138,0.5767370276435656,0.04637005187191362,0.9609220179201226,0.19758977151539658,1
139,0.6691429480722817,0.1238281481368965,1.309079957002092,-0.06128256585475733,0
140,0.6974813799487776,0.022589289023170922,2.181535307076535,-0.18716086169624613,1
141,0.5848666783909268,0.2789455464827073,2.152978579109625,0.7829479449343928,0
142,0.13126123867394357,0.2899266669648283,1.08998844044596,0.6610796796624365,0
143,0.2883825598397336,0.1515459830841935,2.039580807753632,-0.40493985601868143,0
144,0.5828071885675542,0.19506055718312723,2.3418936661086533,0.1473194393442686,0
145,0.7285415380019236,-0.021466290990998435,0.8956661989626651,0.4363851610387717,1
146,0.4400170411808959,0.22882223298146784,0.6172430294523088,0.4832306586220926,0
147,0.7199045914102403,0.0816172053392282,1.956696252041604,0.31033051544468104,1
148,0.44158451274261923,-0.051980011849577415,1.6587445286481561,0.18599947322108445,0
149,0.4158347478124246,-0.03965899714867556,1.4862584137988348,0.15876485884366254,1
150,0.3677038980027577,0.19067625749508485,1.3002376641887214,0.7753142988213306,0
151,0.45964749738568234,0.2411834569158103,0.6288304044870723,0.5265936708199441,0
152,0.8731078229257211,0.14459305655497487,1.3478245022046706,0.2993274283126015,0
153,0.47552815771293666,-0.010454261167482853,1.7604557022078258,-0.18721664128354976,1
154,0.7660598147482627,-0.002362668603226009,1.7032336681843263,0.6139122449639312,1
155,0.6578909045029437,0.06472723668147859,2.4217117051125086,0.02690008683060796,0
156,0.6726342880152966,0.10020510293833815,2.088604486130257,-0.4948676974452639,0
157,0.5512952116616626,0.003462189218557704,1.9059778991188192,0.29174655009095274,0
158,0.6223917822084248,0.1532290193194146,1.936961626719254,0.09426095659053302,0
159,0.19313808099722074,-0.04323117117505881,0.9589201486882217,0.34489490562122394,0
160,0.5367152791193898,-0.02078447582124543,1.9357998736950357,0.44936288580511086,0
161,0.29889962493160055,0.0876557429633664,0.7881039435483856,0.3818653486916328,0
162,0.38723802745725644,0.27562609784020253,2.063443399812537,0.6625887841782037,0
163,0.22720928525113085,0.25962411656541595,2.0683485440184954,0.27930211462236165,0
164,0.6914557722384097,0.2715554724810304,2.3953315316472397,-0.07476714647965921,0
165,0.6520432335376267,0.24874217149968228,1.2974670477163723,-0.06579006244221874,0
166,0.4098374337661822,0.17265332160777078,1.125878155950762,0.13116613109723596,0
167,0.5406712527145972,0.2242606616141611,2.269516623336296,0.13274545132767956,0
168,0.5774497973891383,0.04431328184864167,1.8899337975641175,-0.49528722091096883,1
169,0.37149232221378115,-0.002344251880544282,2.460784253051668,0.3013638677090391,0
170,0.7740511109294851,0.19374256664967707,2.4355571234874276,-0.030527865452634306,1
171,0.6104685192260393,0.12145381047393874,2.299031314825818,0.3476528863942572,0
172,0.325586656334259,0.22236897161479666,2.450751865174597,-0.3681380415769401,0
173,0.31240830022293165,0.2075817144674186,2.3036684864076795,0.09668267614029546,0
174,0.4993212895183454,-0.05624177195810751,0.5435893955744775,0.02599913881030691,1
175,0.6661223655758092,0.2972972235092004,1.7941699544533176,0.4660821799646854,0
176,0.3991960278679526,0.037528935371757555,2.0063108523508237,-0.021396822731115872,0
177,0.7476756267856337,0.11223539822277284,0.7955442075916883,-0.3977146880146098,1
178,0.8418799363007693,0.10226246566517841,2.3229836696111112,0.3706408353262999,0
179,0.730414930267352,0.21752384517251186,1.1804884794863586,-0.0949717156013763,1
180,0.38651891381540526,-0.09828909719929918,0.8617436687262752,0.6319373081612414,0
181,0.16787610998191607,-0.0045262161439477006,2.170279317681288,0.5672356514656105,0
182,0.2122135747375043,0.07904112152076959,1.6936458441022417,0.7736960252297804,1
183,0.3106139985192029,0.1396382549365732,0.5050907379046055,0.14431683275537732,0
184,0.8958868184071445,0.22911311701379802,0.990758524473123,-0.3437210032845738,1
185,0.34719020676996115,0.02875966507304034,1.2673275245138356,-0.1673894252044354,0
186,0.5991171102661504,0.06405262595099318,2.013059066389642,0.2286477028543421,0
187,0.41097991284893287,-0.05107344649721246,1.4036538474974034,0.7809203306488834,0
188,0.8145735282420301,-0.056982363415010756,1.3792288208512213,0.3013391882062012,1
189,0.14126614538392604,0.29976442237532486,1.5400827985332426,-0.2483858981615628,0
190,0.8860692545572452,-0.00727496453274501,2.415387038026578,0.0447901946242214,1
191,0.47488601299637145,-3.720114768412941e-05,0.9229140068738391,-0.09758480006201431,1
192,0.3696272805824449,0.02519085311947933,1.5006288833163715,-0.043674854729044865,0
193,0.8145597794461036,0.14754180888250673,2.0926336134288785,0.5868566211302122,0
194,0.8831901596827935,0.15019691894745327,0.9461512606775997,-0.21136619106236637,1
195,0.2617031305879237,-0.045591300264801585,1.172345061933486,0.16317440054377175,0
196,0.3168876426070546,0.16807475745106662,1.7111230784795333,0.6790720654296918,0
197,0.31076479321140466,-0.04695537653950815,1.5670040399747551,0.14547025421153015,0
198,0.8174838648436805,-0.07134217625184941,1.3096419250056341,0.6653923922193556,1
199,0.41218134874385437,0.17050241576018668,0.5767122942294434,0.5887846810199437,0
200,0.14730635208958331,0.2838891431355718,1.5628063605370077,-0.43824258556523393,0
201,0.678400200847544,0.06360048306476043,1.4771384323678198,-0.046951815113977335,1
202,0.48821139833079685,0.16121909468765763,1.1041284484979315,-0.45799371120932536,1
203,0.42740952386723774,-0.019609821439187547,1.2465250671905792,0.6143543544700205,0
204,0.1715897659877247,0.006040789460722215,1.2133827279170188,0.39605770933974116,0
205,0.6644699089265197,-0.032303005650499025,2.4645906798159736,0.1649433461777261,1
206,0.3490149121488446,0.15404288295410498,2.134855363710656,0.057381953125211216,0
207,0.19173299275413402,0.04718159932011759,1.0801318665339827,0.23906264243035447,0
208,0.27469783496396244,-0.0035628163593596496,1.1750465092490303,-0.3557430613175157,1
209,0.523592436050379,-0.08402689904735437,1.0396926986109705,-0.49265671871276956,1
210,0.609481730416726,0.2769122243585921,2.246302754166635,-0.03194980112383433,0
211,0.7274628093510779,0.2494973044392134,2.471143882763774,-0.09059085230293135,0
212,0.20062054029613288,0.09472815863242776,2.3716537484800755,-0.04267655163118811,0
213,0.238110532775025,-0.034508229192216036,1.2056286898068056,0.24592251329727743,0
214,0.12318216798413095,0.11872719764653827,2.2337352996242363,-0.3169791383319306,0
215,0.4658865690600945,0.2242601476788502,1.0807075216082043,0.030775192059027012,0
216,0.46658554980854317,0.21858046336286116,2.049468800037056,0.39832353016569655,0
217,0.4875579271778505,0.02013300755840626,0.5909512039300537,-0.35517967401536454,1
218,0.7951237564028641,0.0032393632508914416,1.3154783355396429,0.0843744790527512,1
219,0.22233419328244014,0.19463351792317177,1.118798705863415,0.02326590922231664,0
220,0.6989255163311949,0.1333066008199506,1.5588446874003985,0.14036387546326423,1
221,0.27164751368218437,0.2770798374307084,1.8471497943216513,-0.1848899150610494,0
222,0.8492792875013345,0.040834090619660035,0.5544430662989699,-0.06986981929519587,1
223,0.7367684698142567,0.08837286853976029,1.8094075607486284,0.06941339895029153,1
224,0.1990664472533953,0.23917604167416281,1.0789523097272535,0.06425182936328655,0
225,0.45665665076505857,0.07768707417036397,1.1303230469662067,0.7303882376472457,1
226,0.35196013950257266,0.2365863139876517,0.7796227925807706,-0.04045982084625099,0
227,0.5764931645530192,-0.0296842931211021,0.6946109312348931,0.05561383408312914,1
228,0.893252854122853,0.008799557242812034,2.2130892331987955,0.18336453008838616,1
229,0.7615032984246389,-0.004007532042842404,1.0262588407777662,-0.3201783355334131,1
230,0.704078116574839,0.19809893502256057,1.5580412909087136,-0.3275557389557179,1
231,0.6511642729248404,-0.019999797512159925,1.5051543032107975,-0.30901765648118373,1
232,0.6543589612190076,0.16830846822223958,2.189927913137507,0.0664525809631793,0
233,0.2435152416344397,0.025551431371896693,2.1221745466787505,0.11907304188232148,0
234,0.44246746092699796,0.176635384307517,1.8281180961804437,-0.29798698263884693,1
235,0.27696451492147817,0.28758604739149163,0.633567444075394,0.5696955246857025,0
236,0.1202311234843224,0.13026778083232005,2.49096803915463,-0.0023836242577289224,0
237,0.5816341104475433,-0.05105061912503111,1.9005693474948728,0.3055032761084596,1
238,0.40724744077515296,0.10567087052902316,1.2925927832694262,-0.04182747954463595,0
239,0.5261060531506955,0.1732103832165173,0.507677037010533,0.3051762361162671,0
240,0.5671780327929392,-0.07308432694117575,1.1601156754067534,-0.19370571723076357,1
241,0.795647700454458,0.13655020373302174,0.5978546658556338,0.35431548719043204,1
242,0.8661642148065319,0.24361652438089612,1.6791262347379095,-0.1371736653313455,1
243,0.23149343805916117,0.12640631673907374,0.7734674137931348,0.44106061706306354,0
244,0.8137656497257283,0.16864310274171032,0.8959262440401823,-0.34312514241947945,1
245,0.5008640826870524,0.04356975210039665,1.023264129024682,-0.0012825168498540873,1
246,0.7095445584864101,0.10982335502756499,2.075339833202878,-0.14321527509228643,1
247,0.6704617255652014,-0.08462782556529068,0.8606333244224027,0.31203838405983875,1
248,0.11743287772198521,-0.02878930554424279,1.2686646631318117,-0.38675380640235535,0
249,0.7823895211278485,-0.07630612843133298,2.2508223815192014,0.306837108475034,1
250,0.6496890363736636,-0.09960969097974487,0.7793677728516968,-0.06659701347632602,1
251,0.3297644122248469,-0.09485873978409197,2.1853091764644508,0.19349455683809647,0
252,0.3718837959349969,-0.039253960503502675,1.0477560277346476,-0.26920310027944183,1
253,0.18905549042124498,0.2250836806103559,1.199875288796053,-0.2438544093409591,0
254,0.14550014487233762,0.050795196724991526,0.7593554013723256,-0.24184787282232084,0
255,0.7879611481967582,0.22305347823840274,0.7124845033484082,0.41233215744474205,0
256,0.6479631795807471,0.12234750459803309,0.6685567957280758,0.05820513215982692,1
257,0.4781941907742251,0.039987082460254175,1.1782436214611764,0.5074627044575546,1
258,0.6288530403318556,0.21841620162770367,2.4540314286096008,0.520533598005311,0
259,0.12822827643986567,-0.06278920143294844,0.856123006891516,-0.34105122148791034,1
260,0.5755595067023974,0.10349405483409832,1.5916640624535803,-0.23658128128019296,0
261,0.3812208412916325,0.028695198352947177,0.9503254597111579,0.63214218399097,0
262,0.5598335453524907,0.26969203633098837,2.099606234438962,0.7944253818593134,0
263,0.39671602970811093,0.16962706809831188,1.0777599390887043,-0.15400461347644284,0
264,0.2858859194651916,0.14587232627536748,1.7871244574799363,-0.22794319013794578,0
265,0.24915927745095595,0.09071370313191104,1.6156255969370508,-0.4169743635082905,0
266,0.8681170489853128,0.06041967460149858,0.743942094086921,0.21114896710589892,1
267,0.576348471750919,0.29483606667208295,1.2769737207121798,0.013610238563164678,0
268,0.8038032768728269,0.21355036631898974,2.1225197150868746,0.6129538054405375,0
269,0.8210911544072049,-0.04158765276912835,1.1453103248712868,0.45374660741347794,1
270,0.33092306729903853,-0.08693214721411008,1.5402817650882799,0.620136659772059,1
271,0.28544919863713036,0.08369326757744952,0.9611023312969629,-0.20738262279550584,0
272,0.5462172110795996,0.02126413703285865,1.3230537212411566,0.01316302531085689,0
273,0.11401631112862792,0.06088896429569024,0.6408656188039232,-0.46202018934488676,0
274,0.2807977088877479,0.08981142414334173,1.0825247204214545,-0.12022717576809833,1
275,0.767956633428613,0.24463227952201164,1.6731363305041986,-0.3375010119629367,0
276,0.2929807322655733,0.06388571868877585,1.3560098770957671,0.4230431809881021,0
277,0.3846515072465657,-0.05724642711695434,2.3361319261822384,-0.2795464292007669,0
278,0.2334364599791793,0.2885307147939322,1.9399042806138305,0.5189239395749665,0
279,0.8057421899198773,0.15695307581229392,0.5022295060348954,0.44859628907524784,1
280,0.8871909672517061,-0.04481360980206577,0.5462980575304963,-0.362920549557854,1
281,0.7765142171560754,-0.04844148573167093,2.0575311002557912,0.0524039716840603,1
282,0.2513142002814239,0.15127810954901635,0.6056203467588765,0.5220842533928856,0
283,0.7453592337700001,0.19193707566372528,1.2061463042314984,0.26647410838205177,0
284,0.7343821070329183,-0.08231838684371602,1.735255622687717,0.24612990438956828,1
285,0.27003034937990544,-0.07614606162416059,0.5666115718329385,-0.27415344093670957,1
286,0.3808776675756298,0.21036898778822696,0.7102130754249569,-0.35936631818174825,0
287,0.6365445811884793,0.12364083965582617,1.5451416854171438,0.42998865320128077,1
288,0.4898722548508009,0.04290044945275712,0.6912713178664405,0.0951885955880607,1
289,0.6506593743738073,0.013419674477387164,0.5550023073070267,0.4206827461403029,1
290,0.4079148330364575,0.21401609472347902,2.2644859325219593,0.27752253890941336,0
291,0.7722248793963402,0.1283413082734067,2.0380417298017277,-0.3240916905177652,1
292,0.49108792515606836,0.20598976019439455,1.167889413149296,-0.36744385501021876,0
293,0.8386709343227171,0.1841660102425469,0.8220874981356068,0.472871780751265,1
294,0.3638757904641273,-0.09397573233669543,2.259321273942864,0.07631277418354232,1
295,0.5173376453854593,-0.07724820521099557,1.1203605330804136,0.24722108799094134,1
296,0.6381867934414036,0.04507383668446613,1.826024814718327,0.5120785906297043,0
297,0.6748588657512049,0.26190784148367974,0.6286058357917466,0.6850537603217968,0
298,0.6177766841048685,0.10095448412943014,0.9941848699461444,0.394741597007348,0
299,0.45455812962966335,0.28750575383863786,0.8869740450565842,-0.012148613465270186,0
300,0.10403243648205907,-0.014975162043855544,1.2667446873126016,0.3230945951663996,0
301,0.5869923581183004,0.21288993395353725,0.9531637180475012,-0.35329503956329705,1
302,0.48903059319566944,0.018901972123255506,1.661804274899354,0.7293759378865885,1
303,0.6741663552409356,0.23108217081644902,1.7275438190411165,-0.4275811179822368,0
304,0.3401009092153834,0.0048092328345993585,0.5206828824491216,0.1860101245307596,0
305,0.5568226914012665,0.05938485049473452,2.2678975176337994,-0.44456209065139424,1
306,0.418184723954243,0.06955547109251392,1.6094442045799722,0.2409937776313058,0
307,0.15000332490381824,-0.03431971673607995,1.676229603143384,-0.0197311644839957,0
308,0.29738954408556495,0.18557227474538876,2.127452608182984,-0.4788938684911209,0
309,0.6997569363121018,0.0389228212975731,1.5108558239080754,0.12580944536668015,1
310,0.4345718879922783,0.040538973775427506,1.335004346436599,-0.20602059496859754,0
311,0.5333865433541657,0.24710403178627346,1.431725038267265,0.5896320383391351,0
312,0.8028636803465063,0.24476777118764223,0.7326122178590424,-0.040406139169602395,1
313,0.6013896540871086,0.12183125400581463,1.4529734740484626,-0.06778832932010609,1
314,0.21155390807103844,0.2276480482046311,1.6253336117535844,0.672224982268403,0
315,0.18910387455988717,-0.072818005380958,0.502297646158935,0.6399852136000448,0
316,0.8462611609991514,0.20957584156699852,0.9102238697758094,-0.045405081227278765,1
317,0.10440606501931377,0.2696201152337365,1.0857547133283338,-0.28902343163613853,0
318,0.25395359430820863,-0.01316353966193598,2.340150547230956,0.26882703606399183,0
319,0.33460587853853574,0.12095912425609368,1.7315025078447297,0.11954821755049505,0
320,0.3621000002931781,-0.0735414027037476,1.806981015708581,0.7038979651190853,0
321,0.8200053369609764,-0.08630392293213798,1.8776702770378304,-0.2495406428229313,1
322,0.3905387995235464,-0.005632576272586537,1.1499752859354493,-0.2638200286383031,1
323,0.5747947550162219,0.2877890649311644,2.12037277136125,0.2516910652049007,0
324,0.8493498245172991,0.1436880299758511,1.6410322812132252,0.12020700468771806,1
325,0.8837827156030796,0.11106668369845438,1.6369781895599045,-0.08715402547162404,1
326,0.6592394713465622,0.004474481979977213,0.783968165803113,-0.35045314183982557,1
327,0.5714449591381063,-0.015383862650405658,1.696465403981801,-0.2958423525592585,1
328,0.37023098295412005,0.1931967622309654,1.021132594731711,-0.43910425636511535,0
329,0.40671129615356394,0.29961097855987984,2.062414642166061,0.6455887625659633,0
330,0.1473193623850423,0.014013129938374336,1.9408688890745567,-0.1768858056980387,0
331,0.5435901854451844,-0.015888086219693773,1.0113648461836293,-0.12184675781576909,1
332,0.8440332437280174,-0.012662778088149196,2.216931039438154,0.051932485180070875,1
333,0.44953977919192656,-0.09986378628052771,0.865754627206639,0.37883313126337503,1
334,0.47907010067002265,0.247541600746533,0.5340117673290465,0.16391947098173143,1
335,0.6628945974611629,-0.09678030669533061,1.8091685585408022,-0.36371969581719654,1
336,0.3344307696089691,0.22294926960201636,1.136596555493924,0.20599511682003913,0
337,0.6682873539490835,0.2617029646979131,1.1398572447335775,0.3279679068449328,0
338,0.1342733815166091,0.11370945488725104,2.1135354943165456,-0.39808611957809853,0
339,0.3882611084141335,0.007101582018626568,1.6684170616405007,0.22614080868778064,0
340,0.4406328448428727,-0.07079868915039743,0.5841009570428961,0.6093516538212553,1
341,0.8874148254981581,-0.027674501766858803,1.1439106843765763,0.7100761805321267,1
342,0.49567401093928687,0.053668714523386424,0.9337085672021637,0.0977953762804652,1
343,0.7469968583676427,0.028339897683239912,0.6247329129534331,0.7821293772749531,1
344,0.6438782804871883,0.029084970545726646,2.4781043017824786,0.37071633452432373,0
345,0.3209311983911617,0.23646945701161007,1.9066413839894856,0.23556520797829172,0
346,0.858658630479568,0.20538459421147123,1.8965596503508344,-0.1805549020484553,0
347,0.7744496024085732,0.11837703956620485,2.4509339846781555,0.1358954538791891,1
348,0.4295526161727634,0.20123412001438243,0.8734462126631881,-0.0579927669446495,1
349,0.7322143518936404,0.29831037226979307,2.31014064222692,0.4040206540312681,0
350,0.5674383389133973,0.2575300874062235,1.6042865883118624,0.3248646122271771,0
351,0.7168523839120214,0.006758692458282797,1.602848757836291,-0.35125805946103517,1
352,0.379160083249966,0.18566596628165852,0.5206765550338668,0.4782579050676563,0
353,0.7243397663438836,0.016531107180008414,1.364654096742499,0.44132577162588216,1
354,0.4799234208584776,0.1852936177554028,2.4028646015609008,0.016626775959974194,0
355,0.7796467182079665,0.22610938163937108,1.8791242436418811,-0.13104750982856517,0
356,0.7615746356360916,-0.06352804364147376,1.8644678308748355,0.4758283933300196,1
357,0.5670547679354212,-0.026700001726966557,1.3525379519939524,0.44438237794527624,1
358,0.3939265838115247,0.08999433117023603,0.6340048935363143,-0.27895589490269324,1
359,0.4459191720440664,0.227103302071986,0.7045815951990755,0.7003215767208986,0
360,0.42108243573700144,0.011344901502238922,0.5188549914257461,-0.1307757953307752,1
361,0.675326954396748,0.038260157273594275,1.981441967040489,0.6316963205588442,0
362,0.3455689768512423,0.24515121790271313,1.340988594311598,-0.009880172185737834,0
363,0.518106101666807,-0.05392989655035825,1.8842707970258519,0.03214181540903149,1
364,0.7142446716826161,0.1386870044959197,2.1898695048059533,0.16818929503622548,0
365,0.4902518281963375,0.24784901827193703,0.7639182353017506,0.5352048543159542,0
366,0.40240863126670623,0.11283132198197801,2.037002187800049,0.6618259318050446,0
367,0.8080835702957951,0.037212807992242386,1.7517997714389106,0.13149498744077204,1
368,0.7400627977650565,0.133817165276166,1.407613638351962,0.12073751113131392,1
369,0.46359465459155624,-0.09268101104437779,1.6734874968584925,-0.26973176158251794,1
370,0.7054495050109676,0.2310859969578932,1.7657461670417332,0.08075358297979351,1
371,0.39160964764815165,-0.04885510431232563,1.9961434409037753,0.427707667932548,0
372,0.1380373156538,0.19250495866561398,2.4854350371671625,-0.4009251069459056,0
373,0.1714655731380658,0.1504339752217613,2.377543764948192,0.013366268282418492,0
374,0.261942493082564,-0.04884921228561208,2.374515744656654,0.20002673745310873,0
375,0.1319457924711551,0.2222957140845531,1.9669535694055047,0.6483019097265619,0
376,0.31549919623334466,-0.0607589258087478,1.148749018122824,-0.2393592781192032,1
377,0.780685656598325,0.08208934034941162,1.4238247723666344,-0.3189373444787055,1
378,0.8260065972500724,-0.09510971602416252,1.4514551493316064,-0.31293557008502215,1
379,0.41786340063028515,0.15190407104787076,0.8634896735980082,0.6294189287239396,0
380,0.4686054656225115,0.004972349110425031,0.8127746727969078,0.5675802210166823,0
381,0.24763164657521122,0.2562520579683947,0.6977375161250035,-0.4473036817378225,0
382,0.4530185524711551,0.23583934779257018,2.0723506904747193,-0.3668493240388564,0
383,0.2836579704342026,0.07104735093986511,1.9503029328364483,0.1951552706690075,0
384,0.11916174353685155,-0.04860627461145817,0.5130939581312801,0.20136731691208176,0
385,0.20080801045234128,0.08839742974039508,1.5842028758827624,-0.10052149358816348,0
386,0.6918969454470101,-0.012066218022994457,2.2200083743852272,-0.07725120604824681,1
387,0.34036141553778904,0.2172772048646253,2.0470080475816728,0.48995896273079176,0
388,0.3054529817764869,0.2450115046563129,1.05705052107179,-0.4235142188719665,0
389,0.34462810240523645,0.2762862094460984,0.5547644827226865,-0.491041782541072,1
390,0.8822561494109348,0.29020214328193583,1.745108996615234,0.6056213215277768,0
391,0.7179394614746132,-0.05856682601198507,0.9717313635392808,0.2603487410563513,1
392,0.7283676701114141,0.09880377629442122,0.6835982937611516,-0.4788160807073329,1
393,0.14555718038927098,0.040747300749127774,0.5914958382848325,-0.3307578948988784,1
394,0.6812044940962292,-0.09779193311020236,1.7451711745042482,0.7345341100239584,1
395,0.562996632640485,0.19336069252507695,0.9126142717042036,0.4506035804151659,0
396,0.27334470119912013,0.2078113022690283,0.893748926743124,-0.29097663983033734,0
397,0.430326608818698,0.0005049935925854204,1.7408020761539929,-0.3714621062530311,1
398,0.6764619558268896,0.2233804705440122,1.9253798794223245,0.6768135241289026,0
399,0.7591795239828629,-0.08481973315936982,1.9358086387931064,0.6570448874348431,1
400,0.15187076607313177,0.0020863471959377267,0.7669781322825522,-0.28862630150407165,1
401,0.16453866981517243,0.014865625552814926,1.8660435494982301,0.6839035778510418,0
402,0.6142677016958344,0.1698438521327125,0.8371385562562115,0.3695005689301428,1
403,0.8248939782861399,0.002865560096830949,0.8842407021116518,-0.17075023495040392,1
404,0.3891451916220615,0.2499328235819904,2.3122572995171873,0.6394982307615862,0
405,0.802923463168868,-0.06485535981066155,1.4592764954881805,0.5343768433372165,1
406,0.7708318686528778,0.0835670587542734,2.120595797102113,0.3396485684426006,1
407,0.16408958873418217,-0.01156193408133048,0.7347242745937994,-0.2676755062205186,1
408,0.5949089770328431,0.2702702969175891,2.4325055198039243,0.18684975809495796,0
409,0.36745063247103094,-0.0795480141734104,1.7349933802113056,-0.02352092916973103,1
410,0.4860128110274875,0.1225643653650319,1.4165330489606658,0.6787072641471665,0
411,0.14246755557692492,0.04664888463012068,0.8322332767381042,-0.19204754391374707,0
412,0.25475017549458856,0.01989877625589083,2.2813225709384617,0.6041897131343545,0
413,0.29513849990441043,0.035962427516677664,2.425894395880187,-0.2009812801442455,0
414,0.23163204819781413,-0.037256843190281067,2.2680822554814273,0.6282711941780643,0
415,0.23102012319984855,0.28246302042911986,0.7610899661738819,-0.2780515261794526,0
416,0.6274186940958686,0.2709377034472783,1.1848145032800828,-0.17693973173408295,0
417,0.4812109616808379,0.10526789107971476,1.2396037647629468,0.20664235781678708,0
418,0.6767206930581386,-0.06738850998638521,1.307094143582881,0.6592739449476173,1
419,0.5704718783584996,0.15976896682417083,0.9892898940543136,0.5681743891108888,1
420,0.5327795466824945,0.13506520464692737,2.1491370662870475,0.3235579519638204,0
421,0.6849408074318917,0.057723188564228506,1.8750181677616082,-0.23981002314406286,1
422,0.5954824975418628,0.29735822293572434,1.3515077949887961,-0.3385608020559008,1
423,0.7285670864770056,0.22041448953697515,2.4682659368808313,0.6235562683638647,0
424,0.40439179322197727,0.2791750202149774,2.1176815246506777,0.21112498954712866,0
425,0.6700399617288525,0.08095060510784782,0.5531270583122809,0.7128939155006171,1
426,0.7118430244357832,0.23177323745854414,1.212940889788672,-0.07344924175648437,1
427,0.5835987544371203,0.12971153871456562,1.9659147661667467,0.7124728243440068,0
428,0.7487926116138997,0.21023127531144145,2.404092003215931,0.7700281766398243,0
429,0.5270240576946145,0.09029139237831027,2.255358349414457,0.13274025489531227,0
430,0.22441601456015292,0.0915723885284879,1.7981829608325541,0.3647755932809401,0
431,0.6879011451550686,-0.02428366144649141,2.1224330358717425,-0.3130542697265004,1
432,0.8174332107443195,0.28727118052521716,1.9017644912585583,0.6927145323143253,1
433,0.7941686768734292,0.1219016232380104,1.4919958576324983,0.3419305998889157,1
434,0.7193647828376234,0.0900639319990178,0.5485063083790438,0.40229749687257566,1
435,0.5535121655332002,0.11424227318347444,2.4455752004355933,0.372061702937475,0
436,0.5969191413799554,-0.05013376695315244,1.0056272911867175,0.7026709767077453,0
437,0.5251912304135111,0.05150996992443768,1.4898906374084924,-0.15857743516603606,0
438,0.6422864529914638,0.020487927687060023,1.511874941087235,-0.36919809951122406,1
439,0.2770910534562748,0.02648736600477078,2.4760796316118445,0.7921822634144393,0
440,0.8156001340137933,0.24522176318260377,1.1021546321346147,0.3247693110186205,0
441,0.4210021874792581,0.015105707121957843,2.2375998495741456,-0.19630740795140833,1
442,0.6170977827505577,0.23877823434975146,0.5850997156330882,-0.3688803479882282,0
443,0.17962212663644472,0.2650603455744247,0.5824208305286285,0.34106466015491854,0
444,0.5259017781028529,0.008743090991263844,1.10266943850537,-0.49782011233140416,1
445,0.8366584304993389,0.12778296334104686,0.6549468928453162,0.1622599916771965,1
446,0.36984090494579847,0.01003943970930439,2.4790700884228247,-0.3324727122919752,0
447,0.6656224530076965,0.04664116456887152,0.5503133971544556,-0.39773130355823877,1
448,0.4460293571694506,0.29495183186698226,2.123737054614743,0.6534321242131653,0
449,0.3175533876381559,0.07160515902341605,2.099208956996921,0.29948729906545346,0
450,0.5823562400126321,0.0810586485685858,1.2591434960293755,-0.17180642093644227,1
451,0.7833082717622175,-0.03629716560943756,2.2264659579918704,0.1068311363848532,1
452,0.2221408790965856,0.2783745241306873,1.4558991946115611,0.792125780783361,0
453,0.8266509960070588,-0.06520513771045407,1.5188492116946355,0.7298667204094826,1
454,0.7699946414502433,0.1835740626339468,2.4821559449050885,0.6151924921057692,0
455,0.3989121956640509,0.04424996542969262,0.9688473894089737,-0.27550635909493304,1
456,0.7932802412843406,0.29469602766367275,1.5361508959325971,0.6001887983646457,0
457,0.7554062316569475,0.03846591558020637,1.071151238284108,0.5789830774202809,1
458,0.5446167503384145,0.13172787355231305,0.7540717893897881,0.16004200179692085,0
459,0.8514903725983901,0.035048984411470085,2.3833892677862742,-0.31579756574104145,1
460,0.15172499298236383,0.029235249742823072,2.3261020836789728,-0.3271117988575119,0
461,0.769683740130255,0.09155090657653792,2.415047911859088,0.26875375331754914,0
462,0.5972282122182596,-0.09392923792728265,2.498043279966263,0.09726154772211237,1
463,0.6879660507320048,0.28938535245799657,1.8871748812963198,0.3768437463033363,0
464,0.7784274510458531,0.13027061450354468,1.9345864192692241,0.5330398939985055,0
465,0.3275288248725744,-0.05300113763696737,1.085128325895126,0.348866142494772,0
466,0.7239544760295326,0.0695131547412097,1.1890152455412224,0.5767367987060763,1
467,0.17317806856988138,0.028346591068250854,0.757451110063498,-0.4672810058545629,1
468,0.4072550618349503,0.29213771124488763,2.074752506256668,0.3652654711716341,0
469,0.37802159327801976,-0.04480696101792066,1.866907750181543,0.2490813736712466,0
470,0.3479145338091219,0.2378028209632648,2.395936140626173,0.7037656390912064,0
471,0.3109091982377056,0.12657262855579546,1.6012029657693605,0.2790913711950467,0
472,0.48552102955390053,-0.04217281983866572,2.3962200232862614,-0.30525119424813696,0
473,0.4086760646055202,0.15050575978383304,2.024876150995448,0.625979710424418,0
474,0.11007221441815479,0.15101045115890857,1.2148978708384888,-0.11566596915563149,0
475,0.5350169181349566,0.11323579373936346,2.4282384039381912,-0.025298545890004798,0
476,0.7147959537534893,0.17794841715998785,0.6051955994071547,-0.29465409557314404,1
477,0.13490457177040183,0.16211935513399547,2.0100719894179724,0.728801766274157,0
478,0.23104763830062672,0.20980254291736591,1.7938698575441547,-0.4789441763070427,0
479,0.3298503384895498,0.17060417449938028,0.8572534082205665,0.1808461006631249,0
480,0.3053081549798753,-0.09346747941475671,0.5533878307167297,0.4954998221816638,1
481,0.29810774465508116,-0.080344613690843,2.1046523192394684,0.4797932764509233,0
482,0.5089522324207082,0.2440807130669582,1.0826323489264371,-0.19969803063285063,0
483,0.24692958195681802,0.0837240048570412,0.9137846299115604,0.6071997720553655,0
484,0.34611085160807986,0.27152297237065404,0.596261378002392,0.20635564456224165,0
485,0.7949038924409125,0.007160265819664474,0.9504493498628284,0.6859713294815823,1
486,0.879824040859312,0.2931857525753311,1.5644553454938248,0.3441410698781239,0
487,0.4661581939263095,0.2472617984027051,1.0468467079700867,0.4016689886367848,0
488,0.3673965932347295,0.151970146691172,1.6098309078980777,-0.2949116066763291,0
489,0.2901011523086059,0.11738487204401302,1.4721826897021442,0.5755029552180158,0
490,0.8190467820212547,-0.019288517664430585,0.9457501574574885,-0.1610378943981675,1
491,0.690948892168413,0.21624368065320274,1.92668541041618,0.19204680611314384,0
492,0.3082715501860059,0.1609535097637265,2.485849576482467,-0.07566744199640818,0
493,0.30972199512488496,0.29732847781280425,1.4295513740834018,0.29781184234340496,0
494,0.11721704626601488,0.23120461520813537,0.7332967721144001,0.7473429220622758,0
495,0.2700004425778614,0.07626000466875218,1.2961796446346732,-0.2678536530738579,1
496,0.4817539407165502,0.05984162552255762,1.662907351089048,-0.4926694780632878,0
497,0.500050262623627,0.010202251011361435,0.9551894380599888,0.5958361304576671,1
498,0.398168408743217,-0.026686994993004157,1.9602097306894752,0.5758461162076316,0
499,0.3307597787324288,0.29511352432967985,0.7040540340541444,0.09157333671097012,0
500,0.6984879520579441,-0.04930929356795129,2.031080478173977,0.5490175710671776,1
501,0.2052726226935757,0.2637194175246327,0.892501476360356,0.54090824792451,0
502,0.6429061925645725,-0.05636336209735093,1.3223852404168583,0.7107443236067574,1
503,0.771112595330529,0.052914448452781315,1.358605566178741,-0.354421723606381,1
504,0.5735300644283335,0.24601140363572851,0.7347892512320175,0.7555587741655356,0
505,0.7356831879007101,0.22386566024420537,0.8135546556340543,-0.13388747417028946,0
506,0.29567751593564295,0.25727058909475253,2.252770383507249,0.4765934193875231,0
507,0.19829062406706965,0.19847037929203157,2.169620060620922,0.09005795225083602,0
508,0.26029585493991103,0.20371022911208966,1.0460632007558284,-0.4599723798704525,0
509,0.31041593702481074,-0.009196346162855251,0.732977054838422,0.7662843336929446,0
510,0.762771003266078,0.03742637123793116,1.7190419790610512,0.31076379308536095,1
511,0.7971053350128713,0.14431267939862616,0.7638801522501213,-0.2166296909257353,1
512,0.17611674490951465,-0.007135076477269159,2.1681652864827967,-0.06434278690655337,0
513,0.4072378504941798,0.20195444701211404,2.3164763517327405,-0.04938870796796219,0
514,0.8046799610076109,0.07720910105755766,1.1875556094059905,0.011196555738050229,1
515,0.4207909095843414,-0.0476548288699,0.8739463178722744,0.46015520949977495,1
516,0.4130769279822152,0.18035737201148286,0.5382035442469404,0.45205630813315256,0
517,0.8530438222593991,0.07347060252132617,0.957827514076508,-0.2138401827711222,1
518,0.7588417249735676,0.04782764235726891,1.8889701057163344,0.2689545136478815,1
519,0.6295631294776091,0.0920186395285397,0.6709852614170433,0.36578018726208483,1
520,0.4409699112724871,0.14018962943059354,2.3481615455712843,0.7231095825566258,0
521,0.1037361191105676,-0.0981330645226207,1.8682615981512736,0.752963366008546,0
522,0.3217815098103357,-0.04717947804191241,2.058261330382204,-0.1632441517975658,0
523,0.7326755671472502,0.20560286319388685,2.1947372360365818,-0.1711756322166222,0
524,0.28593812865558255,-0.05942679119471701,1.8740645039450299,0.5226388737154763,0
525,0.8365609631426691,0.12184615707785706,0.6658087258051715,0.01558973137111841,1
526,0.21777511073651443,0.2842726581697811,2.267187238925368,0.12980136703950973,0
527,0.4283211920295411,0.12406295730994785,1.85229962707855,0.7086726933710807,0
528,0.3491488667883423,0.22115739749916932,2.307779565855666,-0.24442842473886156,0
529,0.48458627436998936,-0.0896989979209185,0.8126554371971559,0.025084175471050574,1
530,0.23376891770317532,0.167765989471973,2.041036512117242,0.23224645253659149,0
531,0.769473088559579,0.1113028841809173,1.7465817428982473,0.30257213760803436,0
532,0.7864726070739761,0.04700853431120486,1.5682749309827164,-0.20822053759520415,1
533,0.36361700435875866,0.27929231613959105,0.7459266790132737,-0.050241442502974076,0
534,0.7001985286381733,0.2644816618394089,1.4573092614032526,-0.030349224997080593,0
535,0.7863462439215129,0.26359876658758497,2.238252565288354,0.36115446580924215,0
536,0.5424259895266105,0.050799156888270997,1.8595188229212565,0.5458606962599553,0
537,0.6409231089564008,0.07973518211904224,2.0413688677880533,0.0012785436394880945,0
538,0.40921802499780824,0.01748693668203241,0.6165913398723792,-0.3276614375638534,1
539,0.3937693567497712,0.12108597453553924,0.533422720483212,0.712389386877005,0
540,0.5997891896503348,0.06453531432682552,1.5360387778309383,0.4473629553568039,1
541,0.4520856580122027,0.1615831113050404,1.4059901837094642,0.003713628174869643,0
542,0.11660511300934084,-0.07267189598321529,1.5911943892282492,-0.44005474632972635,0
543,0.7470281740683847,-0.054580063515178745,2.472000459298355,0.45598448594759533,1
544,0.515713004034868,0.28144405133498973,0.5610846152460676,0.579948858176091,0
545,0.3981100216476029,0.23816045484618678,1.1114477018178632,-0.022236506874864725,0
546,0.8624250467384191,0.1520226360751634,0.8479769871172336,-0.1346418909588893,1
547,0.27020480845282513,0.18926869156409445,0.8069971780534302,-0.48109774631530994,1
548,0.461343785619445,0.0937174602504853,0.8073290056699074,0.5930780662487711,0
549,0.14807312289179972,0.04649239373205466,2.208582302160375,0.2225512660627078,0
550,0.5096518311983018,0.1068765894252641,0.7196834968692372,0.39739807997150933,1
551,0.6730938993263853,0.09521092658933869,1.8395735508076398,0.3139356930275856,0
552,0.5622871995842162,0.27961165836894586,1.7412552550089528,-0.053917045303055355,0
553,0.6105604443518714,0.13923885073991224,1.7240421644435628,-0.349512366884983,1
554,0.8651994506102672,-0.013453873134234712,2.3042507208176852,-0.13901120764499608,1
555,0.796593103426855,0.036582593705262456,1.781044168979722,-0.43920045963491167,1
556,0.6933974873048008,0.035688467768731774,2.0111471850779523,-0.09671345226988237,0
557,0.7713463508039227,0.15498777015931928,0.8424558212020954,-0.22778205795090256,1
558,0.6895224998175417,0.032498123123899075,0.5328676391998455,0.5152567664655321,1
559,0.6083767986638621,0.26772609495304256,1.5813175822438434,-0.24025160275600632,0
560,0.825116259939399,0.20684264947408434,1.597983146660399,-0.3804506282884549,0
561,0.635106031367672,0.25500390351428015,2.3481391916088077,-0.1788968692199137,0
562,0.13096662182151553,0.13259762314874288,1.4870971333777405,0.042623994976950574,0
563,0.7711042104646438,0.1490576881105788,1.925199120142932,0.7050166721233093,0
564,0.17379618111652065,0.22311480774959333,0.7216109032950353,-0.4102422135496178,0
565,0.5141141827579973,-0.06250327359698704,2.4217618102639946,0.02880465083142958,1
566,0.8002064938643566,0.22568227321965964,1.7323327704590508,0.1391553072528391,1
567,0.7336395067668209,0.2123464410258792,0.8032074943117882,-0.2192850862291495,0
568,0.7305623550441659,0.049252849647996644,2.3515378169034697,0.335133783007191,1
569,0.3831494610408439,0.03123245088362081,1.8851147380536248,0.7056017092650948,0
570,0.7257877898500976,0.253954736924379,1.7593797649400886,-0.05693106863995717,0
571,0.250360116293888,0.1901653749260346,2.090055381106243,0.0959598341405743,0
572,0.13255997931261065,0.06552998177663777,1.2896579928785805,0.4104396407556754,0
573,0.3259089613509827,-0.061482395109757976,1.7841797672691466,-0.3339615616726276,0
574,0.27775967477375074,0.28810043216033143,1.9680162171039428,0.7175097230424736,0
575,0.41272099016840313,0.12839705448253377,0.5636028299314773,0.2915022962876451,1
576,0.5930248298379779,0.11707878300373165,1.3022316510254262,0.16549167971135437,1
577,0.16757857843537877,0.07330245579725783,1.5776472889080893,-0.05948823709507095,0
578,0.3183731973316203,0.21738864237420516,2.0790350446766124,0.007094410816885333,0
579,0.34703449256442265,0.16272182377254216,0.7579973530323247,0.20018364048198634,0
580,0.6659068046022175,0.19147433547909506,0.8699798870724997,0.6328026299684084,0
581,0.8963499759410077,-0.012890793646701093,1.0652731183757673,0.796705233568868,0
582,0.798294632909504,-0.025141608212448707,2.4379506015033403,0.38537875813352984,0
583,0.6271623790381138,0.06500498767801202,1.3883927786569432,0.028324555553474018,1
584,0.7685899707006386,-0.018802453581818132,1.8256015565487966,0.4512448641725698,0
585,0.8037864343322171,-0.05918786405575421,2.2588693702999207,0.6936038080520393,0
586,0.15860503410265547,0.29402130331053866,2.198528593333732,-0.3453530935254347,0
587,0.804873907631573,0.06969468916530006,1.325287441933192,-0.3811713768332444,1
588,0.27768013014151816,-0.06659537404613519,1.59062706292273,-0.07273953364322133,1
589,0.7799595044521362,0.19407490135664787,2.3978414514979276,0.5266846101400393,0
590,0.6280475175073678,0.059475306321431914,1.9692221873993687,0.27774967121192085,0
591,0.32808026734821283,0.2321142434654722,1.038529561693279,0.7258467763938736,0
592,0.15048888784926184,-0.05688979221998674,2.1363680543321877,0.12949303941410706,0
593,0.17369618625922162,0.2072723053704494,1.3376004046311027,0.5160357522399286,0
594,0.3969612695982242,-0.08442272738182788,2.0988540561425557,-0.25207406218441786,1
595,0.7955430697392559,0.21839981307060716,1.1744077058883653,-0.0002578402854103712,1
596,0.37632253407951965,0.10989502759389028,2.153502266272774,-0.2913373190866033,0
597,0.18953058273697618,0.10039539950159729,0.8158770951882197,0.5262664220474398,0
598,0.8437913193864235,0.0682274622770041,0.609475546947335,0.7196816238904937,1
599,0.11471032117002632,0.15969422440076422,2.1496960024595966,0.35674406651349033,0
600,0.7740205224503648,0.20460483927523496,1.7712247147706772,0.1186126157664188,0
601,0.2819124764033737,0.19185576730459455,2.212310854412337,0.16009216947042504,0
602,0.7481130878623228,0.1373321077547124,1.9631312884330465,0.23189757866633331,0
603,0.5943693136262965,0.11239006937802737,1.6110705325463242,-0.019578073246649674,0
604,0.7898617089275345,-0.07658899693184602,1.380737095519739,-0.13744072206977836,1
605,0.36972102777170424,0.12828796420698177,1.6727248051487869,0.5990009839015449,0
606,0.5385253551204899,0.008867199077368632,2.367628483394001,-0.40063176295874375,1
607,0.1767960900034714,0.2949005983131284,1.6047042066304282,0.36391135540570796,0
608,0.25656505616213,0.14879786828212224,0.882460788949857,0.32181911800236496,0
609,0.4248663149556785,0.2615307014821725,1.2588814491854012,-0.23942533977124408,0
610,0.7175480973464674,0.08856353735081868,1.8889582463762948,-0.05547137811259456,0
611,0.2446139885173798,0.27171014705257146,1.837346112730967,0.7415115465793818,0
612,0.44437323817761887,0.24627331832091434,0.5835097486180674,0.12430449338341343,0
613,0.4792358887413187,0.15212027564819516,2.4590286561725017,0.15723909930210866,0
614,0.847474424511823,0.2583117621399609,1.5536787903093898,0.5242866976713416,0
615,0.3696236010432955,0.01529330537693023,1.5780323071931377,0.7691155365512778,0
616,0.6297473716833171,0.08771360236964762,1.8748819450550729,-0.40858954914447787,1
617,0.357897373311719,0.010486306002564616,0.7754782069475201,0.11423950034666908,0
618,0.689933911667749,0.043235912462582154,2.114282231411078,0.14581379175286802,1
619,0.5308621358410185,-0.02741023735814263,1.182256598134378,0.7612419151929113,0
620,0.47306630204911415,0.15407594094868146,2.0240293984044317,-0.34494980322508184,0
621,0.460333326065963,0.05740130675080177,1.2659579227661264,-0.3966952593371573,1
622,0.505048506873894,0.2687418286807912,1.4995087382373593,-0.39363253706335144,0
623,0.807929476735965,0.22010485157560125,1.4865236769381414,0.3281930884059926,0
624,0.40262905243644675,0.12821651948252485,2.013406068040625,-0.4403571073938387,0
625,0.6613140909237336,0.2959615851616121,1.2924261665666152,0.6612643637273616,0
626,0.1616311640804484,-0.0744632275176206,1.2072638363157369,0.04513534741465619,1
627,0.242198894556981,0.03362314435786695,2.4948928305354237,0.5033777988866375,0
628,0.535581455785022,-0.05586656168044457,1.7589228573300304,0.449954356903711,0
629,0.26353046226039334,0.1301538617160956,2.2584293507234117,0.35340806343431896,0
630,0.13673949555253603,0.013242747059743418,1.0833413937582523,0.5090968297240388,0
631,0.5366775618017176,0.21196181091553792,1.4619257399121983,-0.31100086593578846,0
632,0.12601087735127808,-0.07582202980020664,2.2847957913611507,0.16517802683915073,0
633,0.7471590605896519,0.2939124962693117,1.5489965480116554,0.13409320905863686,0
634,0.2412798682790868,-0.06854330800555544,1.1115643238096007,0.06734279165001622,0
635,0.8797932698236489,0.276091900870745,1.1935704837458916,0.4648581311899087,1
636,0.6261264141792147,0.13159392742077772,1.2621339230089863,0.47881376322794644,1
637,0.4428187677149181,-0.06976724141590532,1.6571853675885706,0.6053346353371243,0
638,0.2454855400973231,0.17289577043761292,2.083546625484553,-0.42361481528626077,0
639,0.7490451372994621,-0.009746600679584064,2.3709755357285465,0.3933832804605494,1
640,0.13933813478825555,0.242969385013276,0.623163430763749,0.3835585244751931,0
641,0.26095602439164256,-0.04591420147738981,2.184213118845846,-0.46054999077267084,0
642,0.40343626581668823,0.0010007276914401897,0.9178883041230728,0.6025192108220829,0
643,0.3262449205570507,-0.05000394960052077,1.8143311593868605,0.2767932568396998,0
644,0.1381529509426981,-0.0056176034798638835,1.4823485092682036,-0.3434621307070608,0
645,0.13758758008405447,0.06692700627849019,1.303956878784921,0.17585645270461336,0
646,0.5357186135478172,0.28691374399793423,1.0179229874779885,-0.21428504964480605,0
647,0.8435498297190199,0.13353291109546084,0.8791951803268261,0.678567672888361,1
648,0.31485103862933217,-0.08400634864540085,2.126573163803739,-0.014198594252082863,0
649,0.15028958368610273,0.29251028551768965,2.2427724124892707,0.4894217986168117,0
650,0.14831810185511538,0.21689521003329007,1.2080268789512365,0.35878695276235373,0
651,0.599565349939683,0.21159272435290546,2.247962555180545,0.4632408292891058,0
652,0.5144780458905384,0.15963092360867562,2.0919588288952076,0.1547566161210997,0
653,0.18012354279811957,0.1699151191034847,2.124538275611739,0.11509129967561993,0
654,0.17360108625815576,0.2770374171361678,0.7124696390418503,0.2916506109922178,0
655,0.31778407849067347,0.008631782674152697,0.7926904756179682,0.25021411614894873,0
656,0.6668657027676617,-0.0009799099444683657,1.725156739971911,0.08876766730161034,1
657,0.2790161827803548,0.05834487315880152,1.3684099164340948,0.5434826197938603,0
658,0.527288205358014,0.06918901688841378,0.857154811831192,-0.30274122577774787,1
659,0.41233866897375526,0.2789687676395347,1.881843714969422,-0.10739797206037266,0
660,0.2070865304147853,0.14628088055331517,1.338056768260818,0.08639552626380964,0
661,0.7855121248591085,0.001124196013436135,2.316598762458283,0.004289397610875656,1
662,0.5165889191964608,0.11842737802075667,1.755841354086328,0.4148008003414625,0
663,0.8637517250727003,0.17383906419888626,1.28142742679709,0.7830314961889406,0
664,0.28921080791457654,0.2729271165055206,0.6335002759310162,0.23216871338277978,0
665,0.6963762436860557,0.12192284500923992,0.7569499350180091,-0.0854720252281056,1
666,0.3220630715415824,0.0786281026219427,1.1426816331257992,-0.03520803483961127,1
667,0.47095704829242624,0.18422799429214623,0.5179344116604507,-0.4110141621304272,1
668,0.4471989653937877,0.24953896087856306,2.0540516815829264,0.7764689579099682,0
669,0.4915934279372187,0.030766342357767096,1.3211708757738951,0.6939144308391658,0
670,0.12919010008254148,0.24140756773741603,1.6209336732906512,0.3021885296636321,0
671,0.2430310029846166,0.18857067139685937,2.302051747845797,0.5160119173661069,0
672,0.75583300045116,0.20320326297811855,1.2828467483274497,0.061442477431778775,0
673,0.7787555484366144,-0.08541417440132687,2.463191058613297,-0.0903226944655981,1
674,0.14177425680557612,-0.05929429519909655,0.6162763142594943,-0.2314370928673124,1
675,0.4845165285480316,0.05862302036876299,2.202304957242884,-0.49261839553012526,0
676,0.7814481449376428,0.02398561349232349,0.6500741396153236,-0.2867323043102551,1
677,0.6996742469752244,0.16268115338137526,1.3349686695951193,-0.2592145796657316,1
678,0.588286117172405,0.06838924313191394,2.239048955114403,-0.22469138481465545,1
679,0.37291467014256374,0.20305721412645952,0.6708470661568215,-0.2907764964640533,1
680,0.6183276647122772,0.15823592742243567,2.2816724597810767,-0.024708132077850442,0
681,0.6427329344225073,0.004245775274794597,2.169652126239633,-0.3512603284621296,1
682,0.8667565954849425,0.10282954886201115,1.7719048093116292,0.17422591124714704,0
683,0.4746071749082017,0.12671526285342455,1.618165924561008,-0.18455878426744227,0
684,0.7257814487595772,0.25652334773068486,0.9770130424045105,0.5197659330244202,1
685,0.2112981090823264,-0.025206217126455058,1.45768216991383,-0.30565663306160884,1
686,0.3270285750742673,0.2395403007807788,2.2362168041436923,-0.4873520585470182,0
687,0.7221129156679899,0.1767886594619338,1.5295341310658508,-0.26545207666298765,1
688,0.29143190496489657,0.1844538516147354,0.7566027734307263,0.5806823054455725,0
689,0.7756140556096566,0.12936293068168161,1.7479012215148102,-0.3411295608320146,1
690,0.7569770411373796,0.1688451255725443,0.5337218144862181,-0.3430599266868656,1
691,0.22859640272710832,0.2104417421531171,2.2771794709137745,0.018923676545852586,0
692,0.8730503117266205,0.027671372752441276,1.7204794464443987,0.7780098585851987,1
693,0.6561739579750419,0.23482670635437428,1.8084088309290143,-0.4770731734793163,1
694,0.4397832385893168,0.15990577932555652,2.24547366663985,0.6396238399770087,0
695,0.6936745457809608,0.17771514441070466,1.4890041286308875,0.39559921577059565,0
696,0.12074784184605436,0.23809434305475727,1.1458823319423552,0.449363767856523,0
697,0.5300329483265963,0.1623864523921121,1.8507398996510693,0.6063210274450759,0
698,0.5080180340844229,0.2860135940939873,0.9041979407235499,0.37799850204452945,0
699,0.8834319842500085,0.18960409706029338,0.6294640155574824,0.6634365296632327,1
700,0.1701939864948409,0.04069156684464473,1.0557438232554959,0.1282742071383094,0
701,0.11372116950377019,0.2985466534966311,1.9550828497064419,-0.37192244116966755,0
702,0.10651106292342148,0.01370636668664496,0.7767985669526365,0.48314031823025616,0
703,0.29529532191762337,0.11319383257115764,1.2105453270860447,0.2559417799607302,0
704,0.42128394334538,0.2394071155805507,0.6600070135220015,0.09268912644079164,0
705,0.6966908839460408,-0.09385308079772843,2.183596321622759,0.633356552254225,1
706,0.7293459379181212,0.2302971961855936,0.9011490595937277,-0.04928758584689802,0
707,0.5497553566512754,0.020488517619612387,2.2899644020693004,0.05017887204052918,1
708,0.32442886145955374,0.09261794213547356,1.9307849181190446,-0.4817831258758434,0
709,0.8129215224192667,0.09331400618184574,2.1248406322092337,0.7942416619962296,0
710,0.40179194695907483,0.11782840526216107,1.2435268517856581,0.2808143054653134,0
711,0.676134861040412,-0.023967468142326934,0.6604214989099435,-0.4487385606057921,1
712,0.28006150512566497,-0.03015914187634454,2.2422550163295503,-0.4088737005918312,0
713,0.644421076076413,0.09516297512214486,1.853226924892462,0.6426466089379708,0
714,0.5485252907091456,-0.09154716544001427,2.0221789799688565,0.6196633226128083,0
715,0.6248773209700542,0.2186453893725099,0.8052451101249498,-0.42878083882112655,0
716,0.4853715986021212,0.0008348181651032238,2.4136997334573698,-0.41118236815517023,1
717,0.4909526756652116,-0.036290358320203484,1.0680751417252676,0.004682942908841192,1
718,0.4322371154117892,0.09690271241747439,1.0640953102312651,0.7537814172473467,0
719,0.18386598267633092,-0.0838884594317872,1.6050078572292688,0.44160425891350696,1
720,0.599473960657924,0.03806581746149079,1.1869375231154469,0.34306188089338563,1
721,0.5193707310090935,0.15166655900518203,1.3605940893304278,0.5173702718709117,0
722,0.6655617350521357,0.05183727632672644,1.4473796848039926,-0.15795526798022252,1
723,0.6167327770839652,0.15770861654506027,1.3979268033774508,-0.06543495052630732,1
724,0.1041038704619191,0.0160146164076862,1.6231699890240237,-0.3660270671159518,0
725,0.42211262480051825,0.0700468292426896,1.5024700716596657,0.04400250370998504,0
726,0.6470844095593091,0.16068066089698682,2.106833941220737,0.19596318942527247,1
727,0.8672948766396933,0.23836377413782414,1.445798710898522,-0.44880664540775234,1
728,0.11927897400541383,0.137043702282432,1.7689447402750222,0.29487746230052536,0
729,0.1174734082579036,0.14669738152924847,0.5610080092281065,-0.38490675794521684,0
730,0.1548445456264129,0.16891264575320067,0.5457028158581552,-0.06047392083739378,0
731,0.1371502354599902,-0.005280069175696719,1.6258389166013787,0.6633380611133117,0
732,0.5171181090284238,0.06755950920186798,1.4861250884771817,0.7371077206658636,0
733,0.8960998524162863,0.2621380321429986,1.079727598753891,0.5872537648076994,0
734,0.5961994600770439,0.18973580000128296,1.4951225122546015,0.046420359580256476,0
735,0.26377336275746555,0.26894088606525846,2.1123801483381337,0.2112593407879948,0
736,0.37874324159054806,0.19297642142771979,1.120753057062442,-0.18619383235541792,0
737,0.869798031833091,-0.05702924210108887,1.0610783921839915,0.22735774989306912,1
738,0.8940296861744123,-0.027206454752197393,1.6134846798367732,-0.14484609302572266,1
739,0.8287876744056987,0.005256961925639472,1.0235007983200175,0.15238657459194604,1
740,0.14131187839725134,-0.003712733717909117,1.2491634673087222,0.33175553263015123,0
741,0.6003965713182233,0.009856662353907947,2.115274081490572,0.43960901100655303,0
742,0.7442836169514612,0.153391754961592,0.7183659797733699,0.08690695283472916,1
743,0.7153658906327428,-0.09394125655138429,1.810140161068486,0.6912593014195181,1
744,0.6014368925494972,-0.013039301029295375,0.790529618412783,0.5808295094155553,1
745,0.3316422222819216,0.19327992726759805,2.120163465217995,0.5647148837968303,0
746,0.46074822407973404,-0.07441489345318342,2.23705561912546,-0.261497644684376,1
747,0.5015531517617948,0.12921062181998325,2.1883711683541196,0.6786503707094846,0
748,0.4331322060102021,0.11483840551402671,1.3281113070057553,-0.36093646511651184,0
749,0.8426518671546749,-0.013553999915696793,0.6413864480054343,-0.2977988648539044,1
750,0.6505394014693662,0.09588573225657826,1.9643777547237395,-0.05190527210440704,1
751,0.5486326484256313,-0.04072124775021568,1.310692870426741,-0.36282365573446473,1
752,0.7090269783363716,0.01987453851800325,0.6974168968179699,0.09681179525760908,1
753,0.48374686778237774,0.2986993754131616,2.006247754087237,0.5204441669593494,0
754,0.2508433610035688,0.26178988937208036,1.803025032266631,0.5191815643835793,0
755,0.28509432990936734,0.2852841958790956,1.973713335436345,-0.46767643799595543,0
756,0.5695969298125059,0.27856876221944116,1.5372886031460804,0.23050375197097217,0
757,0.15694460875987115,0.1658414873492464,1.2459087661054526,0.555377965222827,0
758,0.6084924676333812,0.0637556628900636,2.3661847375329295,0.24848511563959086,1
759,0.7222909367410167,0.12354874991434978,1.2842920036145058,0.28543704304421325,0
760,0.2676240991607767,0.29900000828403683,1.5862190158241287,-0.3763498546326482,0
761,0.8870886055602155,0.2615535494727256,2.332593894032981,0.1413597320191382,0
762,0.3604333031402128,0.2136105159659543,1.8826921244057078,0.6498643450561341,0
763,0.391395429825662,0.04966059821720731,1.9695250453748008,-0.372888505150998,1
764,0.8970004611507035,0.2706390296149639,1.689992305338913,0.3081396771060808,0
765,0.15968577658003352,-0.014407231614817245,2.3905250138543566,0.7799452320102134,0
766,0.6033137974980284,-0.04026832310379924,1.9160358508007838,-0.2981403532641068,1
767,0.6554613462053993,0.17176113093478504,1.4607629906448814,-0.40265504707223443,1
768,0.32424360299122024,0.2891972593661908,1.5117327556571813,-0.30869031051169354,0
769,0.7445006958122915,0.1312467612069544,1.1190149545159012,0.5582233184803205,1
770,0.13984288881429585,0.21583816816880116,1.2809442257308612,-0.4501681225456113,0
771,0.5710582877316986,0.22453636592990386,0.9839783502357433,0.4748971770422644,0
772,0.6284707730106671,0.2991316250676618,0.9709032145354755,0.6053450463818091,0
773,0.31291483748970783,-0.027409074437919664,1.4348477842568608,0.3921191025236965,0
774,0.10895294087953325,0.05033762104219783,2.236765682749111,0.6821955487439073,0
775,0.4323904731765488,-0.015622175764250651,1.2830862277653345,0.31973399284958337,1
776,0.3807622724720916,0.177498191790997,0.6474974366741622,0.7225798378460466,0
777,0.8321022860096347,0.21727320554634857,0.7799485858826756,0.263771008488091,1
778,0.7818220429294488,-0.0339086533062309,2.3157919004211385,-0.46252255259136965,1
779,0.47134838421140024,0.08464745044280061,2.2143847522687925,0.20904234211599249,1
780,0.15108844318216674,0.1874536551619365,1.4735942017160593,-0.21491934801693674,0
781,0.4571946308940297,0.1526989405503895,1.7732780866602709,0.5395629173838539,0
782,0.48357720353306066,0.1503576236644877,1.5132351839982479,-0.4919306502278091,1
783,0.5026768760869396,0.021266354642604665,2.46505723690022,0.7657701171595885,0
784,0.7035261019801432,0.06402765013108042,1.6584649165768486,-0.12234485554986119,0
785,0.48849150218583837,-0.003738123328811044,1.6968005705339038,0.6503106316496927,1
786,0.49734841220820936,-0.09448944555509962,0.7973816515523953,0.135189376956801,1
787,0.45125379919858477,0.2144585732523225,1.749082886879785,0.4799553350285394,0
788,0.5441174218916117,0.2411750395183083,1.6559170078346093,-0.38784658411850137,0
789,0.8609868938030626,0.11338579005516661,2.0475750944259152,-0.3343616344335629,1
790,0.5648819525029196,0.008298742396386324,0.8454050177415398,0.41175133159137467,1
791,0.20444346556216414,0.219609433209461,2.4781736002414743,-0.4839488486540657,0
792,0.24123612162810393,0.19627348979135714,1.1406980611619286,-0.025373497134929257,0
793,0.509096815438458,0.2901111638898074,1.8360803769899254,0.3200980377867614,0
794,0.2527809418803032,0.24707033417288213,2.1445070446839587,-0.07543592233649582,0
795,0.6565605566612278,-0.05785454863175277,1.6002888986316441,0.44289102783638135,1
796,0.40067245670628615,0.008268010961499567,0.7018270256954606,-0.05328623590556464,1
797,0.8323152265533907,0.03940165446453642,2.142389632689154,0.5843513469728452,1
798,0.5988698380483076,0.18644922333270772,0.9812207913763342,-0.038949406128835906,1
799,0.45367134888149097,-0.07273322915405683,2.2657109027113562,0.4694463658262584,0
800,0.24726476344398174,0.1978050720758003,1.5953153780023148,-0.01604540177124697,0
801,0.4270833200152172,-0.002021285286999852,0.9069188333929894,0.13437469645742628,1
802,0.1298651938131002,0.2784295370484454,1.407550924844383,0.7218542454394943,0
803,0.5330763657481825,0.2644771081545807,2.4317741801653483,0.6679392904577826,0
804,0.7712469915814073,0.13854634315949937,2.2514236207771496,0.6424432262655093,0
805,0.28426789336797126,-0.07715954545097091,0.7244725754105341,-0.2669884445824753,1
806,0.6971597609016931,0.17803729996375953,1.9515306202716747,0.14624881472825357,0
807,0.6998319983027155,0.2272603545272038,0.9585481248844321,0.30248873344090343,0
808,0.49912913837385675,-0.08711443349356199,0.7047607984528539,-0.3293876523727927,1
809,0.27526345101922695,0.0744746508719612,1.8114473176731032,0.6482071933994538,0
810,0.41293738484113274,-0.07943076947541083,2.2350183881834234,-0.4424289436565559,1
811,0.43209907352189736,0.26375788463118255,1.693673506554946,-0.3698342203134827,0
812,0.5889303784694734,-0.014576070818333967,0.8210528153063814,0.7934812218242604,1
813,0.21822183914298174,-0.03217880817387041,2.135230849075839,-0.11555122928583933,0
814,0.7385910958897559,0.1904862139013788,2.3469453857841813,-0.24361598856176359,0
815,0.6440247060910201,0.17318085276655767,1.8779790553290618,0.22857820186595157,0
816,0.8863948445408146,0.08157921202340054,1.1951088046058191,0.0006713025172041531,1
817,0.4932531919374117,0.09821633889310993,1.7943224461792089,0.7547349532399585,0
818,0.3157211527601874,0.02448137226342606,1.3661002718716309,-0.03344618421086354,0
819,0.6093166386838537,-0.07527288954338984,1.4150522846432505,0.40646680703947535,1
820,0.5548801418831276,0.1664579259568191,2.403448848056339,0.08810145481549714,0
821,0.8444915039952385,0.17080709467796693,2.4273567219982555,-0.11129137178592197,0
822,0.7507215823318395,0.2896060745679133,0.7868942944133428,-0.34624689512605156,1
823,0.7473952759966761,0.15494772279383454,2.432783771286067,0.45969988658875693,0
824,0.5118495916701041,0.16651304338983905,1.320912242252481,-0.39885621088848944,1
825,0.27626869379412955,0.10528825991627105,0.9006031899084741,0.08131345707498006,0
826,0.23549000402307696,0.11709822084646904,1.7322853895172226,-0.1619461952538151,0
827,0.24180855657731437,0.06567412680938131,1.1943846412465666,-0.2471193208954729,1
828,0.3985720402378128,0.060423201140869714,0.6821772269285205,0.5928001805553351,0
829,0.4751140041548182,0.0885131376066843,2.013782537675102,-0.20839591653587164,0
830,0.4547239671495883,0.20437043368935856,1.7787229937962903,0.7265433371634313,0
831,0.42022749298060347,-0.0777249932849487,1.0377335285578335,0.14423556679963234,1
832,0.6946575528499778,-0.03995160053883149,1.1813941724107997,0.6160854994286202,1
833,0.6066702996370312,-0.08175288300032198,0.692583691686502,0.48293722538607287,1
834,0.8116871721634594,-0.056822893891851,1.9912121704565062,-0.39169029694708457,1
835,0.6320366928028796,0.2530831474948849,1.998594147381713,-0.4005645661295566,1
836,0.4602902838552587,-0.07245857253995332,0.7654291926196488,0.5863413812163396,1
837,0.2421172105106309,0.22803815840697447,2.4244744778476726,-0.12653029269095634,0
838,0.14550388303144202,0.03551267148567483,2.1974516477625308,0.49270587934651355,0
839,0.1050296803683386,0.026456389492447163,1.1609947991524117,0.5787290088801522,0
840,0.12126247537142154,0.0017531923502989571,2.403467924392544,0.5895950950400308,0
841,0.27572847689975033,0.16821173999964453,1.3557029465902202,-0.4981549885827264,0
842,0.4872770008765904,-0.0766761632993386,1.2060102936217476,-0.150380080064261,1
843,0.6164603945605414,-0.09057998844822755,1.9962351259701518,-0.45022559599571504,1
844,0.1470700286866432,-0.04726651673094873,1.4965220601578646,0.30771427330992474,0
845,0.42063039257650525,0.026625988128295225,1.983907590828642,0.19352256469378237,0
846,0.671555002830927,0.24773353259564143,0.5903557330680365,0.16511122511556475,0
847,0.15825654214124613,-0.07961255314755888,0.6905715415760074,0.5397073606874663,0
848,0.3160891210788728,0.26767424535056983,0.7601126848958377,0.6689551308877251,0
849,0.5678834123686957,0.2720483790328537,1.6903049597013777,0.5842035101809917,0
850,0.20066081372885006,0.23845709533726903,1.302709210361416,-0.30458354113087227,0
851,0.863546724793148,-0.047090218938099684,2.3839511185987607,-0.33744100263015786,1
852,0.5769376656490514,0.19644283548209027,1.0596493963455014,0.1630576070362144,1
853,0.4024081700384795,-0.05934109843574982,1.8739093721153588,0.5952589200574994,0
854,0.6011539774135515,0.14863739605192502,0.9310399931443303,-0.31472541258281084,1
855,0.3394814932210327,-0.025158792398820934,1.4716352127050856,-0.10878399113894399,1
856,0.7807911837663986,0.022390404465793434,0.6393607459894561,0.6448268368180132,1
857,0.5555219708179594,-0.05963562374435001,0.9969321429889584,0.39084648392999877,1
858,0.5668479305163201,-0.05989508805699222,1.7980784779352543,0.20660436448774389,1
859,0.16115410710752187,0.016494006863842572,1.053530717611408,-0.38418176313988867,0
860,0.18528426464234588,-0.01708473398928323,2.2514079566873013,0.34045595377635285,0
861,0.10392204708361437,0.08095017030926033,0.9366841730557587,0.45646699280309844,0
862,0.42297882025313294,0.18677953960231522,2.434174341725939,-0.2053071569874182,0
863,0.7710076417123732,-0.015105898979327709,1.9568552938713846,0.4569421576549617,0
864,0.14901244344234021,0.13116835838906665,0.8255431099653603,0.050660904078835944,0
865,0.8107260182582204,-0.054640202722684356,1.8623223766225983,0.25549953742786313,1
866,0.7669540804598304,0.018535594654517956,1.5597443323762439,-0.4783219949083373,1
867,0.25265769362674373,0.23879556123781429,0.6266896809409566,-0.06446934604667037,0
868,0.42835011697721614,0.16862619880254628,0.8343558922723835,0.4264570744480596,0
869,0.22625557670387852,0.04483688368730973,0.5791631667819817,0.14464568905799569,1
870,0.41532084683375814,0.15474537435829264,2.242024395585326,-0.4222937043163026,0
871,0.4353422504861716,0.14938898047711052,0.7527310174944009,-0.4828033149815546,1
872,0.7812654056299925,0.26990608131848814,2.4858947762300256,-0.37188042113777287,0
873,0.16714943117575815,-0.062264357838672436,0.7674974527307958,0.30196299507831226,0
874,0.5786820753670883,0.22662809567630618,0.9672625878901084,0.04575791730121115,0
875,0.8257750125186315,0.2923783643158403,1.4678275947565707,0.386686934380282,0
876,0.4474577429669101,-0.04777476210283136,0.9243966939259292,0.7766652636860005,1
877,0.6614337305069748,0.009276048567402786,1.1125660878538963,0.2431283475414986,1
878,0.51831758124756,0.018870983606929848,2.008040972133884,0.7813283216206575,0
879,0.7912237483933152,0.2906020449718135,1.4328586143478033,0.4488395197385574,0
880,0.4966841039887473,0.1658767962807355,1.8576499406432152,-0.042724583225955126,0
881,0.7860936440779019,0.14676547759644995,0.6068075700779874,0.30395003801031795,0
882,0.6152479885822916,0.07462162392179864,0.6824427679899474,-0.44037068237158405,1
883,0.3633743826932754,0.13022160357606835,0.8371486571150821,-0.2424848832930393,0
884,0.3287201485243555,-0.06956767802189079,1.3106978374494083,-0.08187348529374677,1
885,0.4796026715480467,-0.03832162755235169,0.9608485910747422,-0.29116952631023785,1
886,0.14629681494758995,0.26544783097812696,1.1803362261117547,-0.12665318334144687,0
887,0.16015726508236297,0.10708206354915006,0.8020917948367594,0.49824387239598367,0
888,0.7853712265518306,-0.02200628277648975,1.2687968327377537,0.37154120237119725,1
889,0.5934871690831657,0.24193877671100408,1.612119011744796,0.6286903738098295,0
890,0.17958854110256015,0.026362562828835173,2.0035364351707603,-0.3781711683354977,0
891,0.34705921265489803,0.19353393311433356,0.9109853129641712,0.04960902494666508,0
892,0.6519607069776234,-0.08015356373008498,0.9166827326220697,0.37554327440894386,0
893,0.36108938087319264,0.28477888788047534,1.2659357816777466,0.40682988407981513,0
894,0.8073581376634867,0.1692495904138713,0.7613676558725129,-0.001700659298976337,1
895,0.877366249386936,0.29476438833062313,0.5978383926634376,0.4327008973185912,1
896,0.6448825259309693,0.10156696779763272,2.3903108097461825,-0.02780393939032,0
897,0.22403077613557737,0.15892184796320155,1.4784602303924246,-0.10036093283879921,0
898,0.636212657812628,0.014719222908809698,0.6425188531954253,-0.19902610126946652,1
899,0.3759916325044238,0.11585121125874887,1.9365208908525902,0.7327419209297896,0
900,0.48301846600040266,0.12208599563918607,2.384744567280886,0.14515374274622717,0
901,0.5080681842220379,-0.0018400722470814507,0.9192026363400401,-0.48682271468670696,1
902,0.1693049771344488,0.09133346686082905,1.4461085910350606,-0.3112126503377326,0
903,0.4437127026859585,-0.04494029095285721,2.1463119010517397,0.2619074854839497,0
904,0.6702229988764783,0.12692251220557327,1.028294077857127,0.6320916345632086,1
905,0.3174500666933543,0.06409744217029814,1.5731073711808552,0.08475901056469415,0
906,0.8236710175646541,0.10075060224264587,2.43195385520879,-0.38912711737019146,1
907,0.7699868236083544,0.16874102206906025,1.334762489898998,-0.4008908242849847,0
908,0.3024300597948635,-0.030757151810330452,1.2362926255572138,-0.4407788050619478,1
909,0.131515415223204,0.19619996636081125,2.336274883470264,0.43622549990957227,0
910,0.16658529467673838,0.26777064530483774,1.6358091883002785,0.5319996990379257,0
911,0.528540721745676,0.23895636591407796,1.3871654472801571,0.07115933254365447,0
912,0.29668499545976024,0.24973745811456974,1.7615603198255352,0.7429756569175034,0
913,0.6467858443078384,0.2790362401623173,1.7766046064939196,-0.24528303087177583,0
914,0.10032081926049159,-0.04565943889165296,0.7131998904540688,0.6157772203157337,1
915,0.6585898731890893,0.022655334337811667,1.6948988791348925,-0.052865779261531964,1
916,0.40008476018824035,0.20528953649486711,0.6496910065582093,0.27190788929670373,1
917,0.8566566442792991,0.043310925117713894,0.509379485391318,-0.35552015128812575,1
918,0.5120553861732956,0.14679034156102877,0.6191941957323384,0.39220943394454844,1
919,0.12262503583783886,0.2787639161398864,1.8870805915093654,0.6300750042622467,0
920,0.21177652380683823,-0.04823041806944306,0.991448935799716,0.2893120351035432,1
921,0.13308122226648297,0.09400462294514786,2.1641054606204806,-0.1272822028830627,0
922,0.6229781950424582,0.06881291424490815,0.8242160726978425,-0.03046055344839438,0
923,0.5936152037366698,0.06345662068900199,0.5817746245702489,-0.13566555596565566,1
924,0.2445821933378264,0.20913147224927395,1.4337959962207307,-0.1515847271925772,0
925,0.7130509548176873,0.21262811248220728,0.5452236528514434,-0.4449724782801026,1
926,0.5924349858861218,0.1592561244578414,0.7237774092949574,0.7293319198261283,0
927,0.5503887850098477,0.26839118904222203,1.2489091752711885,0.6109063068179559,0
928,0.18024065147844912,0.0030841854466929775,0.5496967692102128,-0.24938582560545786,1
929,0.4173257624058886,0.21931945811628792,0.8707134379912147,0.0841155584546519,1
930,0.7111986414070398,0.15170744931119087,2.3651821233202304,0.7187069716001768,0
931,0.8182787021810672,0.13304152179618303,1.3719987003791996,0.2185180508303629,1
932,0.37438326533454347,0.06530478541575377,1.112631128771803,-0.2451344235005411,0
933,0.22102413367565266,0.15537470604176992,1.441281122196032,0.47438423779864924,0
934,0.6834119913997633,0.21276882678282413,0.9115597144765812,-0.07037823797782677,0
935,0.6762346590594283,0.07452847193031453,1.0253139693435405,0.17947451758617394,1
936,0.8120639781777512,-0.060890213749637837,1.0506950859833581,0.08293183779748126,1
937,0.30372106349647654,-0.053205189501793405,1.7239350359982348,0.6054188949070374,0
938,0.3810034329351346,-0.02160318487034578,1.4988573808224073,-0.20563004830026815,0
939,0.6610174661097836,0.05169909912728918,0.7393020543968722,0.48829018182543793,1
940,0.33879403351234827,-0.04468263863804589,0.9316031092504926,0.7418687084217572,1
941,0.7529250122317025,0.003143444783537855,1.7900898141178265,-0.0056398687599042985,1
942,0.1391992887006661,0.2730375707814253,1.0737533172810383,0.4030858229807638,0
943,0.6317845158904072,0.20304498258054712,0.9303271634026087,-0.26977771906126,1
944,0.283515372639337,0.26121370255145027,1.2653915659274813,0.24878870597264435,0
945,0.36083935022887725,0.12453475393593019,0.9949031214891955,0.014172480048974756,0
946,0.5239074444613268,0.18215207725120805,2.2930151284359326,0.3350075475686638,0
947,0.601279884025025,0.05527090202078716,1.7229178397986629,0.2662622663963866,1
948,0.8213074736597403,0.1929087908391852,0.5541469109176185,0.319233416613143,1
949,0.3505958973834059,0.15564404693463588,0.9702680010698181,-0.48212974015093407,1
950,0.27124785434646925,-0.03720807960027188,0.9777596632916543,0.22341659104278622,0
951,0.43074556449840407,0.24924005371510202,1.228998381679843,0.5813008451073207,0
952,0.37542905241507996,0.10218866191547568,1.3902314917304703,0.05849839481850616,0
953,0.7960579064169963,0.25878597775398404,0.6318289739007865,0.6645432835046263,0
954,0.3744270715653757,0.17180598518202897,1.9301187485878932,0.3532936617675564,0
955,0.7509832902002004,0.1577305004472638,2.355136311995434,0.7395845904592175,0
956,0.27268130414052627,0.09588996833317648,1.6369588006574023,0.7166731629201524,0
957,0.6778739860912351,0.16219554736086875,1.2799477696893033,0.31489011999336114,1
958,0.31223257534726023,-0.054655347894687095,1.0129969080659218,0.38018841965321204,1
959,0.6097350814902399,-0.019411094140902294,0.5701852268576144,0.21874984376375461,1
960,0.36859411878728787,0.2296843106118965,2.2408425269429584,0.3993501813416537,0
961,0.7672498642791722,-0.03998106583805208,2.2080621519015398,-0.08867937406202864,1
962,0.4406111793422307,0.2944981096231558,0.6402779831120669,0.6062351750865851,0
963,0.6924833997692323,-0.04560424024406831,1.5243242916136928,0.20776178962436131,1
964,0.820023497295148,-0.08214695054256604,1.7160657729033528,-0.16328241133066457,1
965,0.4498644691217838,0.25956693921761786,1.9741838215307088,0.2692117049005117,0
966,0.4936739036705887,0.03872304129134671,1.4474567063882173,0.5742260751788963,0
967,0.2545983275270086,0.19284600447124048,0.6788117222242473,0.5383857985846292,0
968,0.15883956725437517,0.0256235198375232,2.4170352106264996,-0.15968014822883764,0
969,0.2784355668719446,0.13712768939693404,1.611208951865478,0.49919613030962406,0
970,0.20510957311869335,0.27227518820835594,0.9180962215541415,0.6405855247001335,0
971,0.6536724982732913,0.24487450262543928,1.398703177318255,0.48905058004004043,0
972,0.5542067732487667,0.11848821825306574,2.057047602715035,0.47599097263712375,0
973,0.5644723076020686,0.04577029053466744,1.2328071674493748,0.11462179084847746,0
974,0.2639786105786497,0.23333034624806506,2.2477007602341343,0.6518675249315364,0
975,0.42777515716332626,-0.09711984595323138,1.2533684528172566,-0.351536251354683,1
976,0.21128705419224333,0.11496882825533886,2.2556103127503766,-0.45642687969795354,0
977,0.43301901976849233,0.13179106730333837,0.7032507121738396,0.4954407217021771,0
978,0.767339087102245,0.034058352083805365,0.9207278074163385,0.18507339888863328,1
979,0.8413589895548613,0.02618750959306443,1.717320777189367,-0.406318781754629,1
980,0.6708215160081589,0.15258735760444767,2.2291094978501413,-0.33813626049390194,1
981,0.1099108669040513,-0.058973277054744956,1.3221605930540636,-0.4765883004858044,1
982,0.7977309721739029,-0.013960312832332192,2.1895303020995462,0.0994432977577453,1
983,0.8451373224681632,0.10361010410524521,0.7115765886553342,0.38924339213733583,1
984,0.6338607795211082,0.1866509921915895,1.8123620592309617,0.24003864139307962,0
985,0.4268923497941276,0.03651196918533767,1.158487996520875,0.6465724253055372,0
986,0.37579751261912475,0.11162900854266744,1.9469591714573449,-0.1693911879057715,0
987,0.7611196637352896,0.16525291962740793,1.362589372575096,0.638254535875008,0
988,0.39434562489572555,0.07786170519992805,1.6972323190674452,0.28350242194047437,0
989,0.23495269426362794,0.1301110571153252,0.5462764645354712,-0.18996906961567273,0
990,0.4235037842034737,-0.007324065061547147,0.9288724621752438,0.2863746548149192,1
991,0.7043216851793968,0.2347712962937288,1.4441245418209328,0.5646242280737974,0
992,0.1780684166173078,-0.007788560471292796,1.1275993360520342,0.04506690035208061,1
993,0.7860992973342963,0.15319150469311735,1.2651444891070245,0.0005220240652733521,1
994,0.4888524143635893,0.11486711983255421,2.496710044076403,0.11623054493819229,0
995,0.4132912529146492,0.2509054167407484,2.417516668724458,-0.1993390055668347,0
996,0.18803255184909995,0.13398548890521758,1.2948365139787055,0.366548299007044,0
997,0.44032970630268264,0.29322441884441774,0.8817147496244868,0.5875069193740943,0
998,0.20302589740435303,0.15486950050121226,1.53543808111514,0.12397912814924894,0
999,0.45976858861091174,-0.0409677699389297,1.2691908336637294,-0.1459375785479043,1
1000,0.3571873272753582,0.10686889213457826,2.2195946387953915,-0.4839417076616087,1
